{"cameraMode":{"drawMode":0,"name":"Shaded","section":"Shading Mode"},"sceneLighting":true,"audioPlay":false,"sceneViewState":{"showFog":true,"showMaterialUpdate":false,"showSkybox":true,"showFlares":true,"showImageEffects":true,"showParticleSystems":true},"in2DMode":false,"pivot":{"x":-10.609999656677246,"y":0.6800000667572022,"z":-11.479999542236329},"rotation":{"x":0.2467644363641739,"y":0.6583560109138489,"z":-0.24308247864246369,"w":0.6682846546173096},"size":4.766025543212891,"orthographic":false}