{"cameraMode":{"drawMode":0,"name":"Shaded","section":"Shading Mode"},"sceneLighting":true,"audioPlay":false,"sceneViewState":{"showFog":true,"showMaterialUpdate":false,"showSkybox":true,"showFlares":true,"showImageEffects":true,"showParticleSystems":true},"in2DMode":false,"pivot":{"x":-2.7445590496063234,"y":6.136943340301514,"z":-14.097406387329102},"rotation":{"x":0.16504636406898499,"y":0.21930529177188874,"z":-0.03767013922333717,"w":0.9608572721481323},"size":-1.800612449645996,"orthographic":false}